-- phpMyAdmin SQL Dump
-- version 4.0.10.7
-- http://www.phpmyadmin.net
--
-- Host: localhost
-- Generation Time: Oct 12, 2015 at 07:44 PM
-- Server version: 5.5.45-cll
-- PHP Version: 5.4.31

SET SQL_MODE = "NO_AUTO_VALUE_ON_ZERO";
SET time_zone = "+00:00";


/*!40101 SET @OLD_CHARACTER_SET_CLIENT=@@CHARACTER_SET_CLIENT */;
/*!40101 SET @OLD_CHARACTER_SET_RESULTS=@@CHARACTER_SET_RESULTS */;
/*!40101 SET @OLD_COLLATION_CONNECTION=@@COLLATION_CONNECTION */;
/*!40101 SET NAMES utf8 */;

--
-- Database: `yippeezi_filmMusic`
--

-- --------------------------------------------------------

--
-- Table structure for table `cadence`
--

CREATE TABLE IF NOT EXISTS `cadence` (
  `id` int(8) NOT NULL AUTO_INCREMENT,
  `name` varchar(255) COLLATE utf8_unicode_ci NOT NULL,
  PRIMARY KEY (`id`),
  KEY `name` (`name`)
) ENGINE=InnoDB  DEFAULT CHARSET=utf8 COLLATE=utf8_unicode_ci AUTO_INCREMENT=14 ;

--
-- Dumping data for table `cadence`
--

INSERT INTO `cadence` (`id`, `name`) VALUES
(10, 'Dominant'),
(13, 'Harmonic'),
(11, 'Ostinato'),
(12, 'Tonic');

-- --------------------------------------------------------

--
-- Table structure for table `contributor`
--

CREATE TABLE IF NOT EXISTS `contributor` (
  `id` int(8) NOT NULL AUTO_INCREMENT,
  `name` varchar(255) COLLATE utf8_unicode_ci NOT NULL,
  `born` date DEFAULT NULL COMMENT 'YYYY/MM/DD',
  `died` date DEFAULT NULL COMMENT 'YYYY/MM/DD',
  PRIMARY KEY (`id`),
  KEY `name` (`name`)
) ENGINE=InnoDB  DEFAULT CHARSET=utf8 COLLATE=utf8_unicode_ci AUTO_INCREMENT=25 ;

--
-- Dumping data for table `contributor`
--

INSERT INTO `contributor` (`id`, `name`, `born`, `died`) VALUES
(17, 'Ennio Morricone', '1928-11-10', NULL),
(18, 'Sergio Leone', '1929-01-03', '1989-04-30'),
(19, 'George Lucas', '1944-05-14', NULL),
(20, 'John Williams', '1932-02-08', NULL),
(21, 'Chris Columbus', '1958-09-10', NULL),
(22, 'John Berry', '1933-11-03', '2011-01-30'),
(23, 'Monty Norman', '1928-04-04', NULL),
(24, 'Guy Hamilton', '1922-09-16', NULL);

-- --------------------------------------------------------

--
-- Table structure for table `contributor_movie`
--

CREATE TABLE IF NOT EXISTS `contributor_movie` (
  `contributor_id` int(8) NOT NULL,
  `movie_id` int(8) NOT NULL,
  `role_id` int(8) NOT NULL,
  KEY `contributor_id` (`contributor_id`,`movie_id`,`role_id`),
  KEY `movie_id` (`movie_id`),
  KEY `role_id` (`role_id`)
) ENGINE=InnoDB DEFAULT CHARSET=utf8 COLLATE=utf8_unicode_ci;

--
-- Dumping data for table `contributor_movie`
--

INSERT INTO `contributor_movie` (`contributor_id`, `movie_id`, `role_id`) VALUES
(18, 8, 9),
(19, 6, 9),
(21, 7, 9),
(24, 9, 9);

-- --------------------------------------------------------

--
-- Table structure for table `contributor_track`
--

CREATE TABLE IF NOT EXISTS `contributor_track` (
  `contributor_id` int(8) NOT NULL,
  `track_id` int(8) NOT NULL,
  `role_id` int(8) NOT NULL,
  KEY `contributor_id` (`contributor_id`,`track_id`,`role_id`),
  KEY `track_id` (`track_id`),
  KEY `role_id` (`role_id`)
) ENGINE=InnoDB DEFAULT CHARSET=utf8 COLLATE=utf8_unicode_ci;

--
-- Dumping data for table `contributor_track`
--

INSERT INTO `contributor_track` (`contributor_id`, `track_id`, `role_id`) VALUES
(17, 4, 7),
(20, 6, 7),
(20, 7, 7),
(22, 5, 7),
(23, 8, 7);

-- --------------------------------------------------------

--
-- Table structure for table `modulation`
--

CREATE TABLE IF NOT EXISTS `modulation` (
  `id` int(8) NOT NULL AUTO_INCREMENT,
  `name` varchar(255) COLLATE utf8_unicode_ci NOT NULL,
  PRIMARY KEY (`id`),
  KEY `name` (`name`)
) ENGINE=InnoDB  DEFAULT CHARSET=utf8 COLLATE=utf8_unicode_ci AUTO_INCREMENT=24 ;

--
-- Dumping data for table `modulation`
--

INSERT INTO `modulation` (`id`, `name`) VALUES
(16, '3-beat meter'),
(17, '4-beat meter'),
(23, 'Chain'),
(21, 'Chromatic'),
(18, 'Common Cord'),
(20, 'Common tone'),
(19, 'Diminished 7th'),
(22, 'Phrase modulation');

-- --------------------------------------------------------

--
-- Table structure for table `mood`
--

CREATE TABLE IF NOT EXISTS `mood` (
  `id` int(8) NOT NULL AUTO_INCREMENT,
  `name` varchar(255) COLLATE utf8_unicode_ci NOT NULL,
  PRIMARY KEY (`id`),
  KEY `name` (`name`)
) ENGINE=InnoDB  DEFAULT CHARSET=utf8 COLLATE=utf8_unicode_ci AUTO_INCREMENT=37 ;

--
-- Dumping data for table `mood`
--

INSERT INTO `mood` (`id`, `name`) VALUES
(33, 'Cool'),
(34, 'Eerie'),
(28, 'Ethereal'),
(27, 'Hope'),
(36, 'Menance'),
(30, 'Mysterious'),
(35, 'Ominous'),
(25, 'Poignant'),
(26, 'Struggle'),
(32, 'Suave'),
(31, 'Suspenseful'),
(29, 'Wonder');

-- --------------------------------------------------------

--
-- Table structure for table `movie`
--

CREATE TABLE IF NOT EXISTS `movie` (
  `id` int(8) NOT NULL AUTO_INCREMENT,
  `title` varchar(255) COLLATE utf8_unicode_ci NOT NULL,
  `copyrightDate` year(4) NOT NULL,
  PRIMARY KEY (`id`),
  KEY `title` (`title`)
) ENGINE=InnoDB  DEFAULT CHARSET=utf8 COLLATE=utf8_unicode_ci AUTO_INCREMENT=10 ;

--
-- Dumping data for table `movie`
--

INSERT INTO `movie` (`id`, `title`, `copyrightDate`) VALUES
(6, 'Star Wars: A New Hope', 1977),
(7, 'Harry Potter and the Philosopher''s Stone', 2001),
(8, 'Once Upon a Time in the West', 1968),
(9, 'Goldfinger', 1964);

-- --------------------------------------------------------

--
-- Table structure for table `movieGenre`
--

CREATE TABLE IF NOT EXISTS `movieGenre` (
  `id` int(8) NOT NULL AUTO_INCREMENT,
  `name` varchar(255) COLLATE utf8_unicode_ci NOT NULL,
  PRIMARY KEY (`id`),
  KEY `name` (`name`)
) ENGINE=InnoDB  DEFAULT CHARSET=utf8 COLLATE=utf8_unicode_ci AUTO_INCREMENT=13 ;

--
-- Dumping data for table `movieGenre`
--

INSERT INTO `movieGenre` (`id`, `name`) VALUES
(12, 'Action-Adventure'),
(9, 'Epic Science Fantasy'),
(10, 'Fantasy'),
(11, 'Spaghetti Western');

-- --------------------------------------------------------

--
-- Table structure for table `movie_scene`
--

CREATE TABLE IF NOT EXISTS `movie_scene` (
  `movie_id` int(8) NOT NULL,
  `scene_id` int(8) NOT NULL,
  KEY `movie_id` (`movie_id`,`scene_id`),
  KEY `scene_id` (`scene_id`)
) ENGINE=InnoDB DEFAULT CHARSET=utf8 COLLATE=utf8_unicode_ci;

--
-- Dumping data for table `movie_scene`
--

INSERT INTO `movie_scene` (`movie_id`, `scene_id`) VALUES
(6, 4),
(7, 1),
(8, 3),
(9, 2);

-- --------------------------------------------------------

--
-- Table structure for table `movie_track`
--

CREATE TABLE IF NOT EXISTS `movie_track` (
  `movie_id` int(8) NOT NULL,
  `track_id` int(8) NOT NULL,
  KEY `movie_id` (`movie_id`,`track_id`),
  KEY `track_id` (`track_id`)
) ENGINE=InnoDB DEFAULT CHARSET=utf8 COLLATE=utf8_unicode_ci;

--
-- Dumping data for table `movie_track`
--

INSERT INTO `movie_track` (`movie_id`, `track_id`) VALUES
(6, 6),
(7, 7),
(8, 4),
(9, 5),
(9, 8);

-- --------------------------------------------------------

--
-- Table structure for table `musicGenre`
--

CREATE TABLE IF NOT EXISTS `musicGenre` (
  `id` int(8) NOT NULL AUTO_INCREMENT,
  `name` varchar(255) COLLATE utf8_unicode_ci NOT NULL,
  PRIMARY KEY (`id`),
  KEY `name` (`name`)
) ENGINE=InnoDB  DEFAULT CHARSET=utf8 COLLATE=utf8_unicode_ci AUTO_INCREMENT=19 ;

--
-- Dumping data for table `musicGenre`
--

INSERT INTO `musicGenre` (`id`, `name`) VALUES
(18, 'Acoustic'),
(14, 'Jazz'),
(13, 'Orchestral'),
(15, 'Pop'),
(17, 'Symphonic'),
(16, 'Western');

-- --------------------------------------------------------

--
-- Table structure for table `role`
--

CREATE TABLE IF NOT EXISTS `role` (
  `id` int(8) NOT NULL AUTO_INCREMENT,
  `title` varchar(255) COLLATE utf8_unicode_ci NOT NULL,
  PRIMARY KEY (`id`),
  KEY `title` (`title`)
) ENGINE=InnoDB  DEFAULT CHARSET=utf8 COLLATE=utf8_unicode_ci AUTO_INCREMENT=13 ;

--
-- Dumping data for table `role`
--

INSERT INTO `role` (`id`, `title`) VALUES
(7, 'Composer'),
(8, 'Conductor'),
(9, 'Director'),
(12, 'Performer'),
(10, 'Producer'),
(11, 'Writer');

-- --------------------------------------------------------

--
-- Table structure for table `scale`
--

CREATE TABLE IF NOT EXISTS `scale` (
  `id` int(8) NOT NULL AUTO_INCREMENT,
  `name` varchar(255) COLLATE utf8_unicode_ci NOT NULL,
  PRIMARY KEY (`id`),
  KEY `name` (`name`)
) ENGINE=InnoDB  DEFAULT CHARSET=utf8 COLLATE=utf8_unicode_ci AUTO_INCREMENT=5 ;

--
-- Dumping data for table `scale`
--

INSERT INTO `scale` (`id`, `name`) VALUES
(4, 'Major'),
(3, 'Minor');

-- --------------------------------------------------------

--
-- Table structure for table `scene`
--

CREATE TABLE IF NOT EXISTS `scene` (
  `id` int(8) NOT NULL AUTO_INCREMENT,
  `name` varchar(255) COLLATE utf8_unicode_ci NOT NULL,
  `description` text COLLATE utf8_unicode_ci,
  PRIMARY KEY (`id`),
  KEY `name` (`name`)
) ENGINE=InnoDB  DEFAULT CHARSET=utf8 COLLATE=utf8_unicode_ci AUTO_INCREMENT=5 ;

--
-- Dumping data for table `scene`
--

INSERT INTO `scene` (`id`, `name`, `description`) VALUES
(1, 'Hedwig Flying', NULL),
(2, 'Title sequence', NULL),
(3, 'Frank and Harmonica''s Final Show Down', NULL),
(4, 'Luke Skywalker contemplates his future', NULL);

-- --------------------------------------------------------

--
-- Table structure for table `scene_mood`
--

CREATE TABLE IF NOT EXISTS `scene_mood` (
  `scene_id` int(8) NOT NULL,
  `mood_id` int(8) NOT NULL,
  KEY `scene_id` (`scene_id`,`mood_id`),
  KEY `mood_id` (`mood_id`)
) ENGINE=InnoDB DEFAULT CHARSET=utf8 COLLATE=utf8_unicode_ci;

--
-- Dumping data for table `scene_mood`
--

INSERT INTO `scene_mood` (`scene_id`, `mood_id`) VALUES
(1, 29),
(2, 32),
(3, 35),
(4, 25);

-- --------------------------------------------------------

--
-- Table structure for table `studio`
--

CREATE TABLE IF NOT EXISTS `studio` (
  `id` int(8) NOT NULL AUTO_INCREMENT,
  `name` varchar(255) COLLATE utf8_unicode_ci NOT NULL,
  `location` varchar(255) COLLATE utf8_unicode_ci NOT NULL,
  PRIMARY KEY (`id`),
  KEY `name` (`name`)
) ENGINE=InnoDB  DEFAULT CHARSET=utf8 COLLATE=utf8_unicode_ci AUTO_INCREMENT=9 ;

--
-- Dumping data for table `studio`
--

INSERT INTO `studio` (`id`, `name`, `location`) VALUES
(5, '20th Century Fox', '10201 Pico Blvd.\r\nCentury City, Los Angeles, CA'),
(6, 'Warner Bros. Pictures', '4000 Warner Blvd.\r\nBurbank, CA'),
(7, 'Paramount Pictures', '8015 North Fraser Way\r\nBurnaby, BC, Canada'),
(8, 'United Artists', '10250 Constellation Blvd.\r\nLos Angeles, CA');

-- --------------------------------------------------------

--
-- Table structure for table `track`
--

CREATE TABLE IF NOT EXISTS `track` (
  `id` int(8) NOT NULL AUTO_INCREMENT,
  `title` varchar(255) COLLATE utf8_unicode_ci NOT NULL,
  `copyrightDate` year(4) NOT NULL,
  PRIMARY KEY (`id`),
  KEY `title` (`title`)
) ENGINE=InnoDB  DEFAULT CHARSET=utf8 COLLATE=utf8_unicode_ci AUTO_INCREMENT=9 ;

--
-- Dumping data for table `track`
--

INSERT INTO `track` (`id`, `title`, `copyrightDate`) VALUES
(4, 'Man with a Harmonica', 1968),
(5, 'Goldfinger Theme', 1964),
(6, 'Binary Sunset', 1977),
(7, 'Hedwig''s Theme', 2000),
(8, 'James Bond Theme', 1962);

-- --------------------------------------------------------

--
-- Table structure for table `track_cadence`
--

CREATE TABLE IF NOT EXISTS `track_cadence` (
  `track_id` int(8) NOT NULL,
  `cadence_id` int(8) NOT NULL,
  KEY `track_id` (`track_id`,`cadence_id`),
  KEY `cadence_id` (`cadence_id`)
) ENGINE=InnoDB DEFAULT CHARSET=utf8 COLLATE=utf8_unicode_ci;

--
-- Dumping data for table `track_cadence`
--

INSERT INTO `track_cadence` (`track_id`, `cadence_id`) VALUES
(4, 11),
(5, 10),
(6, 12),
(7, 10),
(8, 11);

-- --------------------------------------------------------

--
-- Table structure for table `track_modulation`
--

CREATE TABLE IF NOT EXISTS `track_modulation` (
  `track_id` int(8) NOT NULL,
  `modulation_id` int(8) NOT NULL,
  KEY `track_id` (`track_id`),
  KEY `modulation_id` (`modulation_id`)
) ENGINE=InnoDB DEFAULT CHARSET=utf8 COLLATE=utf8_unicode_ci;

--
-- Dumping data for table `track_modulation`
--

INSERT INTO `track_modulation` (`track_id`, `modulation_id`) VALUES
(4, 16),
(5, 19),
(6, 17),
(7, 16),
(8, 23);

-- --------------------------------------------------------

--
-- Table structure for table `track_mood`
--

CREATE TABLE IF NOT EXISTS `track_mood` (
  `track_id` int(8) NOT NULL,
  `mood_id` int(8) NOT NULL,
  KEY `track_id` (`track_id`,`mood_id`),
  KEY `mood_id` (`mood_id`)
) ENGINE=InnoDB DEFAULT CHARSET=utf8 COLLATE=utf8_unicode_ci;

--
-- Dumping data for table `track_mood`
--

INSERT INTO `track_mood` (`track_id`, `mood_id`) VALUES
(4, 34),
(5, 32),
(6, 26),
(7, 28),
(8, 31);

-- --------------------------------------------------------

--
-- Table structure for table `track_movie`
--

CREATE TABLE IF NOT EXISTS `track_movie` (
  `track_id` int(11) NOT NULL,
  `movie_id` int(11) NOT NULL,
  KEY `track_id` (`track_id`,`movie_id`),
  KEY `movie_id` (`movie_id`)
) ENGINE=InnoDB DEFAULT CHARSET=utf8 COLLATE=utf8_unicode_ci;

--
-- Dumping data for table `track_movie`
--

INSERT INTO `track_movie` (`track_id`, `movie_id`) VALUES
(4, 8),
(5, 9),
(6, 6),
(7, 7),
(8, 9);

-- --------------------------------------------------------

--
-- Table structure for table `track_musicGenre`
--

CREATE TABLE IF NOT EXISTS `track_musicGenre` (
  `track_id` int(8) NOT NULL,
  `musicGenre_id` int(8) NOT NULL,
  KEY `track_id` (`track_id`,`musicGenre_id`),
  KEY `musicGenre_id` (`musicGenre_id`)
) ENGINE=InnoDB DEFAULT CHARSET=utf8 COLLATE=utf8_unicode_ci;

--
-- Dumping data for table `track_musicGenre`
--

INSERT INTO `track_musicGenre` (`track_id`, `musicGenre_id`) VALUES
(4, 16),
(5, 15),
(6, 13),
(7, 17),
(8, 14);

-- --------------------------------------------------------

--
-- Table structure for table `track_scale`
--

CREATE TABLE IF NOT EXISTS `track_scale` (
  `track_id` int(8) NOT NULL,
  `scale_id` int(8) NOT NULL,
  KEY `track_id` (`track_id`,`scale_id`),
  KEY `scale_id` (`scale_id`)
) ENGINE=InnoDB DEFAULT CHARSET=utf8 COLLATE=utf8_unicode_ci;

--
-- Dumping data for table `track_scale`
--

INSERT INTO `track_scale` (`track_id`, `scale_id`) VALUES
(4, 3),
(5, 3),
(6, 3),
(7, 3),
(8, 4);

-- --------------------------------------------------------

--
-- Table structure for table `track_scene`
--

CREATE TABLE IF NOT EXISTS `track_scene` (
  `track_id` int(8) NOT NULL,
  `scene_id` int(8) NOT NULL,
  KEY `track_id` (`track_id`,`scene_id`),
  KEY `scene_id` (`scene_id`)
) ENGINE=InnoDB DEFAULT CHARSET=utf8 COLLATE=utf8_unicode_ci;

--
-- Dumping data for table `track_scene`
--

INSERT INTO `track_scene` (`track_id`, `scene_id`) VALUES
(4, 3),
(5, 2),
(6, 4),
(7, 1),
(8, 2);

--
-- Constraints for dumped tables
--

--
-- Constraints for table `contributor_movie`
--
ALTER TABLE `contributor_movie`
  ADD CONSTRAINT `contributor_movie_ibfk_1` FOREIGN KEY (`contributor_id`) REFERENCES `contributor` (`id`),
  ADD CONSTRAINT `contributor_movie_ibfk_2` FOREIGN KEY (`movie_id`) REFERENCES `movie` (`id`),
  ADD CONSTRAINT `contributor_movie_ibfk_3` FOREIGN KEY (`role_id`) REFERENCES `role` (`id`);

--
-- Constraints for table `contributor_track`
--
ALTER TABLE `contributor_track`
  ADD CONSTRAINT `contributor_track_ibfk_1` FOREIGN KEY (`contributor_id`) REFERENCES `contributor` (`id`),
  ADD CONSTRAINT `contributor_track_ibfk_2` FOREIGN KEY (`track_id`) REFERENCES `track` (`id`),
  ADD CONSTRAINT `contributor_track_ibfk_3` FOREIGN KEY (`role_id`) REFERENCES `role` (`id`);

--
-- Constraints for table `movie_scene`
--
ALTER TABLE `movie_scene`
  ADD CONSTRAINT `movie_scene_ibfk_1` FOREIGN KEY (`movie_id`) REFERENCES `movie` (`id`),
  ADD CONSTRAINT `movie_scene_ibfk_2` FOREIGN KEY (`scene_id`) REFERENCES `scene` (`id`);

--
-- Constraints for table `movie_track`
--
ALTER TABLE `movie_track`
  ADD CONSTRAINT `movie_track_ibfk_2` FOREIGN KEY (`track_id`) REFERENCES `track` (`id`),
  ADD CONSTRAINT `movie_track_ibfk_1` FOREIGN KEY (`movie_id`) REFERENCES `movie` (`id`);

--
-- Constraints for table `scene_mood`
--
ALTER TABLE `scene_mood`
  ADD CONSTRAINT `scene_mood_ibfk_1` FOREIGN KEY (`scene_id`) REFERENCES `scene` (`id`),
  ADD CONSTRAINT `scene_mood_ibfk_2` FOREIGN KEY (`mood_id`) REFERENCES `mood` (`id`);

--
-- Constraints for table `track_cadence`
--
ALTER TABLE `track_cadence`
  ADD CONSTRAINT `track_cadence_ibfk_1` FOREIGN KEY (`track_id`) REFERENCES `track` (`id`),
  ADD CONSTRAINT `track_cadence_ibfk_2` FOREIGN KEY (`cadence_id`) REFERENCES `cadence` (`id`);

--
-- Constraints for table `track_modulation`
--
ALTER TABLE `track_modulation`
  ADD CONSTRAINT `track_modulation_ibfk_1` FOREIGN KEY (`track_id`) REFERENCES `track` (`id`),
  ADD CONSTRAINT `track_modulation_ibfk_2` FOREIGN KEY (`modulation_id`) REFERENCES `modulation` (`id`);

--
-- Constraints for table `track_mood`
--
ALTER TABLE `track_mood`
  ADD CONSTRAINT `track_mood_ibfk_1` FOREIGN KEY (`track_id`) REFERENCES `track` (`id`),
  ADD CONSTRAINT `track_mood_ibfk_2` FOREIGN KEY (`mood_id`) REFERENCES `mood` (`id`);

--
-- Constraints for table `track_movie`
--
ALTER TABLE `track_movie`
  ADD CONSTRAINT `track_movie_ibfk_1` FOREIGN KEY (`track_id`) REFERENCES `track` (`id`),
  ADD CONSTRAINT `track_movie_ibfk_2` FOREIGN KEY (`movie_id`) REFERENCES `movie` (`id`);

--
-- Constraints for table `track_musicGenre`
--
ALTER TABLE `track_musicGenre`
  ADD CONSTRAINT `track_musicGenre_ibfk_1` FOREIGN KEY (`track_id`) REFERENCES `track` (`id`),
  ADD CONSTRAINT `track_musicGenre_ibfk_2` FOREIGN KEY (`musicGenre_id`) REFERENCES `musicGenre` (`id`);

--
-- Constraints for table `track_scale`
--
ALTER TABLE `track_scale`
  ADD CONSTRAINT `track_scale_ibfk_1` FOREIGN KEY (`track_id`) REFERENCES `track` (`id`),
  ADD CONSTRAINT `track_scale_ibfk_2` FOREIGN KEY (`scale_id`) REFERENCES `scale` (`id`);

--
-- Constraints for table `track_scene`
--
ALTER TABLE `track_scene`
  ADD CONSTRAINT `track_scene_ibfk_1` FOREIGN KEY (`track_id`) REFERENCES `track` (`id`),
  ADD CONSTRAINT `track_scene_ibfk_2` FOREIGN KEY (`scene_id`) REFERENCES `scene` (`id`);

/*!40101 SET CHARACTER_SET_CLIENT=@OLD_CHARACTER_SET_CLIENT */;
/*!40101 SET CHARACTER_SET_RESULTS=@OLD_CHARACTER_SET_RESULTS */;
/*!40101 SET COLLATION_CONNECTION=@OLD_COLLATION_CONNECTION */;
