artist,title,album,year,genre,sub_genre,composer,image_name
Muse,Assassin,Black Holes and Revelations,2006,Space Rock,Alternative Rock,Matthew Bellamy,Assassin.png
Muse,Uprising,The Resistance,2009,Art Rock,Symphonic Rock,Matthew Bellamy,Uprising.png
Tool,Pneuma,Fear Inoculum,2019,Progressive Rock,Progressive Metal,"Maynard James Keenan, Justin Chancellor, Danny Carey, Adam Jones",Pneuma.png
Tool,The Patient,Lateralus,2001,Progressive Metal,Art Rock,"Maynard James Keenan, Justin Chancellor, Danny Carey, Adam Jones",ThePatient.png
Rammstein,Los,"Reise, Reise",2004,Neue Deutsche Härte,Industrial Metal,"Till Lindemann, Richard Krupse, Paul Landers, Oliver Riedel, Christoph Schneider, Christian Lorenz",Los.png
Rammstein,Puppe,Rammstein,2019,Electro-industrial,Industrial Metal,"Till Lindemann, Richard Krupse, Paul Landers, Oliver Riedel, Christoph Schneider, Christian Lorenz",Puppe.png
Anberlin,To the Wolves,"Dark is the Way, Light is a Place",2010,Alternative Rock,Emo,"Christian McAlhaney, Stephen Christian, Nathan Young, Deon Rexroat, Joseph Milligan",TotheWolves.png
Anberlin,Stranger Ways,Lowborn,2014,Indie Rock,Alternative Rock,"Christian McAlhaney, Stephen Christian, Nathan Young, Deon Rexroat, Joseph Milligan",StrangerWays.png
Deadmau5,Arguru,Random Album Title,2008,Progressive House,Electro House,Joel Zimmerman,Arguru.png
Deadmau5,HaxPigMeow,Stuff I Used to Do,2017,Downtempo,Breakbeat,Joel Zimmerman,HaxPigMeow.png